Merge remote-tracking branch 'refs/remotes/tgstation/master' into 360_noscope

# Conflicts:
#	code/controllers/subsystem/atoms.dm
#	code/datums/map_config.dm
#	code/modules/mob/dead/new_player/new_player.dm
#	code/modules/mob/living/carbon/human/species_types/golems.dm
#	code/modules/mob/living/carbon/human/species_types/jellypeople.dm
#	code/modules/mob/living/carbon/human/species_types/lizardpeople.dm
#	code/modules/shuttle/arrivals.dm
#
# It looks like you may be committing a merge.
# If this is not correct, please remove the file
#	.git/MERGE_HEAD
# and try again.


# Please enter the commit message for your changes. Lines starting
# with '#' will be ignored, and an empty message aborts the commit.
# On branch 360_noscope
# Your branch is up-to-date with 'origin/360_noscope'.
#
# All conflicts fixed but you are still merging.
#
# Changes to be committed:
#	modified:   README.md
#	modified:   _maps/RandomZLevels/Cabin.dmm
#	modified:   _maps/RandomZLevels/caves.dmm
#	modified:   _maps/RandomZLevels/challenge.dmm
#	modified:   _maps/RandomZLevels/moonoutpost19.dmm
#	modified:   _maps/RandomZLevels/research.dmm
#	modified:   _maps/RandomZLevels/snowdin.dmm
#	modified:   _maps/RandomZLevels/spacebattle.dmm
#	modified:   _maps/RandomZLevels/undergroundoutpost45.dmm
#	modified:   _maps/RandomZLevels/wildwest.dmm
#	new file:   _maps/cerestation.dm
#	new file:   _maps/cerestation.json
#	modified:   _maps/loadallmaps.dm
#	new file:   _maps/map_files/Cerestation/cerestation.dmm
#	modified:   _maps/map_files/Deltastation/DeltaStation2.dmm
#	modified:   _maps/map_files/MetaStation/MetaStation.dmm
#	modified:   _maps/map_files/OmegaStation/OmegaStation.dmm
#	modified:   _maps/map_files/PubbyStation/PubbyStation.dmm
#	modified:   _maps/map_files/TgStation/tgstation.2.1.3.dmm
#	modified:   _maps/map_files/generic/Centcomm.dmm
#	modified:   _maps/shuttles/emergency_bar.dmm
#	modified:   code/__DEFINES/MC.dm
#	modified:   code/__DEFINES/construction.dm
#	modified:   code/__DEFINES/robots.dm
#	new file:   code/__DEFINES/sound.dm
#	modified:   code/__DEFINES/status_effects.dm
#	new file:   code/__DEFINES/subsystems.dm
#	modified:   code/__HELPERS/mobs.dm
#	modified:   code/__HELPERS/unsorted.dm
#	modified:   code/_compile_options.dm
#	modified:   code/_globalvars/lists/mapping.dm
#	modified:   code/_globalvars/lists/mobs.dm
#	modified:   code/_onclick/click.dm
#	modified:   code/_onclick/cyborg.dm
#	modified:   code/_onclick/hud/alert.dm
#	modified:   code/_onclick/hud/hud.dm
#	modified:   code/_onclick/hud/parallax.dm
#	modified:   code/_onclick/hud/plane_master.dm
#	modified:   code/_onclick/hud/screen_objects.dm
#	modified:   code/_onclick/item_attack.dm
#	modified:   code/_onclick/telekinesis.dm
#	modified:   code/controllers/subsystem/air.dm
#	modified:   code/controllers/subsystem/atoms.dm
#	modified:   code/controllers/subsystem/garbage.dm
#	modified:   code/controllers/subsystem/mapping.dm
#	modified:   code/controllers/subsystem/npcpool.dm
#	modified:   code/controllers/subsystem/persistence.dm
#	modified:   code/controllers/subsystem/processing/flightpacks.dm
#	modified:   code/controllers/subsystem/processing/overlays.dm
#	modified:   code/controllers/subsystem/shuttles.dm
#	modified:   code/controllers/subsystem/ticker.dm
#	modified:   code/controllers/subsystem/title_screen.dm
#	modified:   code/datums/action.dm
#	modified:   code/datums/antagonists/datum_clockcult.dm
#	modified:   code/datums/map_config.dm
#	modified:   code/datums/martial.dm
#	modified:   code/datums/martial/krav_maga.dm
#	modified:   code/datums/martial/wrestling.dm
#	modified:   code/datums/status_effects/buffs.dm
#	modified:   code/datums/status_effects/gas.dm
#	modified:   code/datums/status_effects/status_effect.dm
#	modified:   code/datums/weather/weather.dm
#	modified:   code/datums/wires/robot.dm
#	modified:   code/game/atoms.dm
#	modified:   code/game/communications.dm
#	modified:   code/game/data_huds.dm
#	modified:   code/game/gamemodes/antag_spawner.dm
#	modified:   code/game/gamemodes/blob/blobs/blob_mobs.dm
#	modified:   code/game/gamemodes/clock_cult/clock_effects/spatial_gateway.dm
#	modified:   code/game/gamemodes/clock_cult/clock_helpers/component_helpers.dm
#	modified:   code/game/gamemodes/clock_cult/clock_items/clockwork_slab.dm
#	modified:   code/game/gamemodes/clock_cult/clock_scriptures/scripture_cyborg.dm
#	modified:   code/game/gamemodes/clock_cult/clock_scriptures/scripture_drivers.dm
#	modified:   code/game/gamemodes/clock_cult/clock_scriptures/scripture_judgement.dm
#	modified:   code/game/gamemodes/clock_cult/clock_scriptures/scripture_revenant.dm
#	modified:   code/game/gamemodes/clock_cult/clock_structures/ark_of_the_clockwork_justicar.dm
#	modified:   code/game/gamemodes/clock_cult/clock_structures/interdiction_lens.dm
#	modified:   code/game/gamemodes/clock_cult/clock_structures/ratvar_the_clockwork_justicar.dm
#	modified:   code/game/gamemodes/cult/cult_comms.dm
#	modified:   code/game/gamemodes/cult/cult_items.dm
#	modified:   code/game/gamemodes/cult/runes.dm
#	modified:   code/game/gamemodes/cult/talisman.dm
#	modified:   code/game/gamemodes/devil/true_devil/_true_devil.dm
#	modified:   code/game/gamemodes/miniantags/abduction/machinery/camera.dm
#	modified:   code/game/gamemodes/miniantags/borer/borer.dm
#	modified:   code/game/gamemodes/miniantags/bot_swarm/swarmer.dm
#	modified:   code/game/gamemodes/miniantags/morph/morph.dm
#	modified:   code/game/gamemodes/wizard/spellbook.dm
#	modified:   code/game/machinery/computer/Operating.dm
#	modified:   code/game/machinery/computer/apc_control.dm
#	modified:   code/game/machinery/computer/arcade.dm
#	modified:   code/game/machinery/computer/camera_advanced.dm
#	modified:   code/game/machinery/computer/security.dm
#	modified:   code/game/machinery/doors/airlock.dm
#	modified:   code/game/machinery/recycler.dm
#	modified:   code/game/machinery/slotmachine.dm
#	modified:   code/game/machinery/telecomms/broadcasting.dm
#	modified:   code/game/machinery/transformer.dm
#	modified:   code/game/machinery/vending.dm
#	modified:   code/game/objects/buckling.dm
#	modified:   code/game/objects/effects/anomalies.dm
#	modified:   code/game/objects/effects/decals/cleanable.dm
#	modified:   code/game/objects/effects/decals/decal.dm
#	modified:   code/game/objects/effects/effect_system/effects_smoke.dm
#	modified:   code/game/objects/effects/landmarks.dm
#	new file:   code/game/objects/effects/spawners/bundle.dm
#	modified:   code/game/objects/effects/spawners/lootdrop.dm
#	modified:   code/game/objects/effects/spawners/xeno_egg_delivery.dm
#	modified:   code/game/objects/explosion.dm
#	modified:   code/game/objects/items/devices/PDA/PDA.dm
#	modified:   code/game/objects/items/devices/radio/encryptionkey.dm
#	modified:   code/game/objects/items/devices/radio/headset.dm
#	modified:   code/game/objects/items/devices/radio/radio.dm
#	modified:   code/game/objects/items/robot/robot_parts.dm
#	modified:   code/game/objects/items/robot/robot_upgrades.dm
#	modified:   code/game/objects/items/stacks/rods.dm
#	modified:   code/game/objects/items/stacks/sheets/mineral.dm
#	modified:   code/game/objects/items/stacks/sheets/sheet_types.dm
#	modified:   code/game/objects/items/stacks/tiles/light.dm
#	modified:   code/game/objects/items/toys.dm
#	modified:   code/game/objects/items/weapons/grenades/flashbang.dm
#	modified:   code/game/objects/items/weapons/implants/implant_explosive.dm
#	modified:   code/game/objects/items/weapons/melee/energy.dm
#	modified:   code/game/objects/objs.dm
#	modified:   code/game/objects/radiation.dm
#	modified:   code/game/objects/structures/barsigns.dm
#	modified:   code/game/objects/structures/beds_chairs/chair.dm
#	modified:   code/game/objects/structures/crates_lockers/closets.dm
#	modified:   code/game/objects/structures/crates_lockers/closets/job_closets.dm
#	modified:   code/game/objects/structures/crates_lockers/closets/secure/medical.dm
#	modified:   code/game/objects/structures/crates_lockers/closets/statue.dm
#	modified:   code/game/objects/structures/displaycase.dm
#	modified:   code/game/objects/structures/flora.dm
#	modified:   code/game/objects/structures/ghost_role_spawners.dm
#	modified:   code/game/objects/structures/lattice.dm
#	modified:   code/game/objects/structures/safe.dm
#	modified:   code/game/objects/structures/signs.dm
#	modified:   code/game/objects/structures/statues.dm
#	modified:   code/game/objects/structures/traps.dm
#	modified:   code/game/say.dm
#	modified:   code/game/sound.dm
#	modified:   code/game/turfs/closed.dm
#	modified:   code/game/turfs/simulated/floor.dm
#	modified:   code/game/turfs/simulated/floor/fancy_floor.dm
#	modified:   code/game/turfs/simulated/floor/light_floor.dm
#	modified:   code/game/turfs/space/space.dm
#	modified:   code/game/turfs/space/transit.dm
#	modified:   code/game/turfs/turf.dm
#	modified:   code/modules/admin/admin_verbs.dm
#	modified:   code/modules/admin/verbs/manipulate_organs.dm
#	modified:   code/modules/admin/verbs/playsound.dm
#	modified:   code/modules/admin/verbs/possess.dm
#	modified:   code/modules/assembly/health.dm
#	modified:   code/modules/assembly/voice.dm
#	modified:   code/modules/atmospherics/environmental/LINDA_turf_tile.dm
#	modified:   code/modules/atmospherics/gasmixtures/gas_mixture.dm
#	modified:   code/modules/atmospherics/machinery/components/unary_devices/vent_pump.dm
#	modified:   code/modules/atmospherics/machinery/components/unary_devices/vent_scrubber.dm
#	new file:   code/modules/atmospherics/machinery/other/miner.dm
#	modified:   code/modules/atmospherics/machinery/pipes/simple.dm
#	modified:   code/modules/atmospherics/machinery/portable/canister.dm
#	modified:   code/modules/awaymissions/capture_the_flag.dm
#	modified:   code/modules/awaymissions/mission_code/Cabin.dm
#	modified:   code/modules/cargo/exports/materials.dm
#	modified:   code/modules/cargo/exports/sheets.dm
#	modified:   code/modules/cargo/packs.dm
#	modified:   code/modules/client/client_procs.dm
#	modified:   code/modules/client/preferences.dm
#	modified:   code/modules/client/preferences_toggles.dm
#	modified:   code/modules/clothing/chameleon.dm
#	modified:   code/modules/clothing/head/misc.dm
#	modified:   code/modules/clothing/spacesuits/flightsuit.dm
#	modified:   code/modules/clothing/spacesuits/miscellaneous.dm
#	modified:   code/modules/crafting/guncrafting.dm
#	modified:   code/modules/crafting/recipes.dm
#	modified:   code/modules/food_and_drinks/drinks/drinks/drinkingglass.dm
#	modified:   code/modules/food_and_drinks/kitchen_machinery/deep_fryer.dm
#	modified:   code/modules/food_and_drinks/kitchen_machinery/smartfridge.dm
#	modified:   code/modules/holiday/holidays.dm
#	modified:   code/modules/hydroponics/grown/towercap.dm
#	modified:   code/modules/hydroponics/seeds.dm
#	modified:   code/modules/library/soapstone.dm
#	modified:   code/modules/mining/machine_redemption.dm
#	modified:   code/modules/mining/mine_items.dm
#	modified:   code/modules/mining/minebot.dm
#	modified:   code/modules/mining/ores_coins.dm
#	modified:   code/modules/mob/dead/new_player/new_player.dm
#	modified:   code/modules/mob/dead/observer/observer.dm
#	modified:   code/modules/mob/living/brain/emote.dm
#	modified:   code/modules/mob/living/carbon/alien/alien_defense.dm
#	modified:   code/modules/mob/living/carbon/alien/special/facehugger.dm
#	modified:   code/modules/mob/living/carbon/damage_procs.dm
#	modified:   code/modules/mob/living/carbon/human/human.dm
#	modified:   code/modules/mob/living/carbon/human/human_defense.dm
#	modified:   code/modules/mob/living/carbon/human/human_defines.dm
#	renamed:    code/modules/mob/interactive.dm -> code/modules/mob/living/carbon/human/interactive.dm
#	modified:   code/modules/mob/living/carbon/human/species.dm
#	modified:   code/modules/mob/living/carbon/human/species_types/golems.dm
#	modified:   code/modules/mob/living/carbon/human/species_types/jellypeople.dm
#	modified:   code/modules/mob/living/carbon/human/species_types/lizardpeople.dm
#	modified:   code/modules/mob/living/carbon/monkey/combat.dm
#	modified:   code/modules/mob/living/carbon/monkey/monkey_defense.dm
#	modified:   code/modules/mob/living/living.dm
#	modified:   code/modules/mob/living/living_defense.dm
#	modified:   code/modules/mob/living/silicon/ai/ai.dm
#	modified:   code/modules/mob/living/silicon/ai/ai_defense.dm
#	modified:   code/modules/mob/living/silicon/ai/examine.dm
#	modified:   code/modules/mob/living/silicon/ai/life.dm
#	modified:   code/modules/mob/living/silicon/pai/death.dm
#	modified:   code/modules/mob/living/silicon/robot/examine.dm
#	modified:   code/modules/mob/living/silicon/robot/laws.dm
#	modified:   code/modules/mob/living/silicon/robot/robot.dm
#	modified:   code/modules/mob/living/silicon/robot/robot_defense.dm
#	modified:   code/modules/mob/living/silicon/robot/robot_modules.dm
#	modified:   code/modules/mob/living/silicon/silicon.dm
#	modified:   code/modules/mob/living/silicon/silicon_defense.dm
#	modified:   code/modules/mob/living/simple_animal/animal_defense.dm
#	modified:   code/modules/mob/living/simple_animal/bot/medbot.dm
#	modified:   code/modules/mob/living/simple_animal/constructs.dm
#	modified:   code/modules/mob/living/simple_animal/friendly/dog.dm
#	modified:   code/modules/mob/living/simple_animal/friendly/drone/_drone.dm
#	modified:   code/modules/mob/living/simple_animal/friendly/drone/extra_drone_types.dm
#	modified:   code/modules/mob/living/simple_animal/friendly/lizard.dm
#	modified:   code/modules/mob/living/simple_animal/guardian/guardian.dm
#	modified:   code/modules/mob/living/simple_animal/guardian/types/assassin.dm
#	modified:   code/modules/mob/living/simple_animal/guardian/types/explosive.dm
#	modified:   code/modules/mob/living/simple_animal/guardian/types/fire.dm
#	modified:   code/modules/mob/living/simple_animal/guardian/types/lightning.dm
#	modified:   code/modules/mob/living/simple_animal/guardian/types/standard.dm
#	modified:   code/modules/mob/living/simple_animal/guardian/types/support.dm
#	modified:   code/modules/mob/living/simple_animal/hostile/alien.dm
#	modified:   code/modules/mob/living/simple_animal/hostile/bees.dm
#	modified:   code/modules/mob/living/simple_animal/hostile/carp.dm
#	modified:   code/modules/mob/living/simple_animal/hostile/faithless.dm
#	modified:   code/modules/mob/living/simple_animal/hostile/giant_spider.dm
#	modified:   code/modules/mob/living/simple_animal/hostile/headcrab.dm
#	modified:   code/modules/mob/living/simple_animal/hostile/hostile.dm
#	modified:   code/modules/mob/living/simple_animal/hostile/illusion.dm
#	modified:   code/modules/mob/living/simple_animal/hostile/mecha_pilot.dm
#	modified:   code/modules/mob/living/simple_animal/hostile/megafauna/bubblegum.dm
#	modified:   code/modules/mob/living/simple_animal/hostile/megafauna/colossus.dm
#	modified:   code/modules/mob/living/simple_animal/hostile/megafauna/dragon.dm
#	modified:   code/modules/mob/living/simple_animal/hostile/megafauna/hierophant.dm
#	modified:   code/modules/mob/living/simple_animal/hostile/megafauna/legion.dm
#	modified:   code/modules/mob/living/simple_animal/hostile/megafauna/megafauna.dm
#	modified:   code/modules/mob/living/simple_animal/hostile/megafauna/swarmer.dm
#	modified:   code/modules/mob/living/simple_animal/hostile/mimic.dm
#	modified:   code/modules/mob/living/simple_animal/hostile/mining_mobs.dm
#	modified:   code/modules/mob/living/simple_animal/hostile/mushroom.dm
#	modified:   code/modules/mob/living/simple_animal/hostile/statue.dm
#	modified:   code/modules/mob/living/simple_animal/hostile/tree.dm
#	modified:   code/modules/mob/living/simple_animal/parrot.dm
#	modified:   code/modules/mob/living/simple_animal/shade.dm
#	modified:   code/modules/mob/living/simple_animal/slime/slime.dm
#	modified:   code/modules/mob/login.dm
#	modified:   code/modules/mob/logout.dm
#	modified:   code/modules/mob/transform_procs.dm
#	modified:   code/modules/modular_computers/file_system/programs/powermonitor.dm
#	modified:   code/modules/paperwork/handlabeler.dm
#	modified:   code/modules/power/cable.dm
#	new file:   code/modules/power/floodlight.dm
#	modified:   code/modules/power/lighting.dm
#	modified:   code/modules/power/singularity/singularity.dm
#	modified:   code/modules/power/supermatter/supermatter.dm
#	modified:   code/modules/projectiles/guns/ballistic/automatic.dm
#	modified:   code/modules/projectiles/projectile/magic.dm
#	modified:   code/modules/reagents/chemistry/holder.dm
#	modified:   code/modules/reagents/chemistry/machinery/reagentgrinder.dm
#	modified:   code/modules/reagents/chemistry/reagents.dm
#	modified:   code/modules/reagents/chemistry/reagents/alcohol_reagents.dm
#	modified:   code/modules/reagents/chemistry/reagents/blob_reagents.dm
#	modified:   code/modules/reagents/chemistry/reagents/drink_reagents.dm
#	modified:   code/modules/reagents/chemistry/reagents/food_reagents.dm
#	modified:   code/modules/reagents/chemistry/reagents/other_reagents.dm
#	modified:   code/modules/reagents/chemistry/reagents/toxin_reagents.dm
#	modified:   code/modules/recycling/disposal-construction.dm
#	modified:   code/modules/recycling/disposal-unit.dm
#	modified:   code/modules/research/designs/autolathe_designs.dm
#	modified:   code/modules/research/designs/mechfabricator_designs.dm
#	modified:   code/modules/research/designs/weapon_designs.dm
#	modified:   code/modules/research/experimentor.dm
#	modified:   code/modules/research/xenobiology/xenobio_camera.dm
#	modified:   code/modules/research/xenobiology/xenobiology.dm
#	modified:   code/modules/ruins/lavaland_ruin_code.dm
#	modified:   code/modules/shuttle/arrivals.dm
#	modified:   code/modules/surgery/bodyparts/bodyparts.dm
#	modified:   code/modules/surgery/bodyparts/robot_bodyparts.dm
#	modified:   code/modules/surgery/limb_augmentation.dm
#	modified:   code/modules/surgery/organs/augments_internal.dm
#	renamed:    code/modules/surgery/organs/autoimplanter.dm -> code/modules/surgery/organs/autosurgeon.dm
#	modified:   code/modules/surgery/organs/organ_internal.dm
#	modified:   code/modules/uplink/uplink_item.dm
#	modified:   code/modules/zombie/organs.dm
#	modified:   config/maps.txt
#	modified:   html/changelog.html
#	modified:   html/changelogs/.all_changelog.yml
#	deleted:    html/changelogs/AutoChangeLog-pr-25360.yml
#	deleted:    icons/minimaps/BirdboatStation_1.png
#	new file:   icons/minimaps/CereStation_1.png
#	deleted:    icons/minimaps/DreamStation_1.png
#	deleted:    icons/minimaps/Efficiency Station_1.png
#	modified:   icons/mob/actions.dmi
#	modified:   icons/mob/augments.dmi
#	modified:   icons/mob/human_face.dmi
#	new file:   icons/mob/surplus_augments.dmi
#	modified:   icons/obj/atmos.dmi
#	new file:   icons/obj/atmospherics/components/miners.dmi
#	modified:   icons/obj/barsigns.dmi
#	modified:   icons/obj/decals.dmi
#	modified:   icons/obj/drinks.dmi
#	new file:   icons/obj/flora/jungleflora.dmi
#	new file:   icons/obj/flora/jungletrees.dmi
#	new file:   icons/obj/flora/largejungleflora.dmi
#	modified:   icons/obj/improvised.dmi
#	modified:   icons/obj/lighting.dmi
#	modified:   icons/obj/module.dmi
#	modified:   icons/obj/robot_parts.dmi
#	modified:   interface/stylesheet.dm
#	deleted:    sound/chatter/papyrus_1.ogg
#	deleted:    sound/chatter/papyrus_10.ogg
#	deleted:    sound/chatter/papyrus_2.ogg
#	deleted:    sound/chatter/papyrus_3.ogg
#	deleted:    sound/chatter/papyrus_4.ogg
#	deleted:    sound/chatter/papyrus_5.ogg
#	deleted:    sound/chatter/papyrus_6.ogg
#	deleted:    sound/chatter/papyrus_7.ogg
#	deleted:    sound/chatter/papyrus_8.ogg
#	deleted:    sound/chatter/papyrus_9.ogg
#	deleted:    sound/chatter/sans_1.ogg
#	deleted:    sound/chatter/sans_10.ogg
#	deleted:    sound/chatter/sans_2.ogg
#	deleted:    sound/chatter/sans_3.ogg
#	deleted:    sound/chatter/sans_4.ogg
#	deleted:    sound/chatter/sans_5.ogg
#	deleted:    sound/chatter/sans_6.ogg
#	deleted:    sound/chatter/sans_7.ogg
#	deleted:    sound/chatter/sans_8.ogg
#	deleted:    sound/chatter/sans_9.ogg
#	modified:   tgstation.dme
#	modified:   tgui/assets/tgui.css
#	modified:   tgui/assets/tgui.js
#	modified:   tgui/src/interfaces/canister.ract
#	modified:   tgui/src/interfaces/disposal_unit.ract
#
# Changes not staged for commit:
#	modified:   tgstation.dme
#

